MAE,MSE,RMSE,NRMSE,Method,Missingness
18.288258342224328,2649.106057459468,51.46946723504595,0.06728034932685745,amelia,10
44.333333333333336,56953.37037037037,238.64905273302548,0.3119595460562425,Cluster,10
4.592592592592593,185.44444444444446,13.617798810543665,0.017801044196789104,KNN,10
61.73104864881927,7000.407148145865,83.66843579358864,0.10937050430534463,mice,10
4.873215556185011,192.1740845929733,13.862686773961723,0.01812115918164931,missforest,10
23.984279446997785,996.2732022891363,31.563795752240196,0.041259863728418555,pca,10
18.99018309470758,2594.8436222738346,50.93960759834958,0.06658772235078377,Reg,10
37.19402812781698,18009.013082084504,134.19766421992784,0.17542178329402333,SVD,10
2.9444444444444446,58.72222222222222,7.663042621715099,0.010017049178712548,XGB,10
