MAE,MSE,RMSE,NRMSE,Method,Missingness
297.1158958607704,5348457.770221913,2312.6732951763665,0.040361494880824564,amelia,30
529.8720930232558,22470159.31395349,4740.269962138601,0.0827286682514285,Cluster,30
482.27906976744185,18866184.360465117,4343.522114651325,0.07580450120685046,KNN,30
249.86252433222086,2773737.702968962,1665.4542032037273,0.029066025641001192,mice,30
215.03471764772516,5150749.644894475,2269.526304076354,0.039608480149328155,missforest,30
166.2505375208903,1206137.020759824,1098.2426966567198,0.01916687370908253,pca,30
107.0015397741502,812753.1624203922,901.528237173075,0.01573375167407939,Reg,30
634.100075976413,23159603.796964604,4812.442601939747,0.08398824764724946,SVD,30
467.1744186046512,16105043.244186046,4013.1089250338127,0.07003802727855307,XGB,30
