MAE,MSE,RMSE,NRMSE,Method,Missingness
94.41671013326987,72671.38215540622,269.57630117539304,0.21845729430744978,amelia,5
87.47619047619048,113885,337.4685170501094,0.27347529744741444,Cluster,5
16.047619047619047,2195.7619047619046,46.858957572292454,0.037973223316282376,KNN,5
146.4500138028456,55734.73156378054,236.08204413673764,0.19131446040254266,mice,5
39.381124335350464,18268.681194084358,135.16168537749283,0.10953134957657441,missforest,5
41.2059479090999,4026.1306930596047,63.451798186179126,0.05141960955119864,pca,5
36.004288290096206,9221.786515963551,96.03013337470459,0.07782020532796158,Reg,5
79.43751772338565,72798.43160808047,269.81184482539027,0.21864817246790136,SVD,5
13.238095238095237,1261.047619047619,35.51123229412941,0.028777335732681854,XGB,5
